[
  {
    "id": "101",
    "img": "assets/images/user/user1.jpg",
    "pName": "Sarah Smith",
    "admissionID": "HGYU89",
    "dName": "DR. Megha Trivedi",
    "status": "Unpaid",
    "date": "2018-02-12T14:22:18Z",
    "tax": "8%",
    "discount": "5%",
    "total": "$142"
  },
  {
    "id": "102",
    "img": "assets/images/user/user2.jpg",
    "pName": "Vishal Kumar",
    "admissionID": "HGYU99",
    "dName": "DR. John Deo",
    "status": "Paid",
    "date": "2018-03-22T14:22:18Z",
    "tax": "10%",
    "discount": "5%",
    "total": "$126"
  },
  {
    "id": "103",
    "img": "assets/images/user/user3.jpg",
    "pName": "Rahul Malhotra",
    "admissionID": "HGYU29",
    "dName": "DR. Sarah Smith",
    "status": "Paid",
    "date": "2018-02-02T14:22:18Z",
    "tax": "9%",
    "discount": "5%",
    "total": "$115"
  },
  {
    "id": "104",
    "img": "assets/images/user/user4.jpg",
    "pName": "Priya Jain",
    "admissionID": "HGYU36",
    "dName": "DR. Stive",
    "status": "Unpaid",
    "date": "2018-03-19T14:22:18Z",
    "tax": "9%",
    "discount": "5%",
    "total": "$142"
  },
  {
    "id": "105",
    "img": "assets/images/user/user5.jpg",
    "pName": "Radhika Patel",
    "admissionID": "HGYU27",
    "dName": "DR. Megha Trivedi",
    "status": "Unpaid",
    "date": "2018-05-22T14:22:18Z",
    "tax": "10%",
    "discount": "5%",
    "total": "$126"
  },
  {
    "id": "106",
    "img": "assets/images/user/user6.jpg",
    "pName": "Sarah Smith",
    "admissionID": "HGYU12",
    "dName": "DR. Megha Trivedi",
    "status": "Unpaid",
    "date": "2018-05-07T14:22:18Z",
    "tax": "8%",
    "discount": "5%",
    "total": "$115"
  },
  {
    "id": "107",
    "img": "assets/images/user/user7.jpg",
    "pName": "Vishal Kumar",
    "admissionID": "HGYU14",
    "dName": "DR. John Deo",
    "status": "Paid",
    "date": "2018-02-20T14:22:18Z",
    "tax": "10%",
    "discount": "5%",
    "total": "$126"
  },
  {
    "id": "108",
    "img": "assets/images/user/user8.jpg",
    "pName": "Rahul Malhotra",
    "admissionID": "HGYU09",
    "dName": "DR. Sarah Smith",
    "status": "Paid",
    "date": "2018-03-21T14:22:18Z",
    "tax": "9%",
    "discount": "5%",
    "total": "$142"
  },
  {
    "id": "109",
    "img": "assets/images/user/user9.jpg",
    "pName": "Priya Jain",
    "admissionID": "HGYU80",
    "dName": "DR. Stive",
    "status": "Unpaid",
    "date": "2018-02-11T14:22:18Z",
    "tax": "9%",
    "discount": "5%",
    "total": "$142"
  },
  {
    "id": "110",
    "img": "assets/images/user/user10.jpg",
    "pName": "Radhika Patel",
    "admissionID": "HGYU38",
    "dName": "DR. Megha Trivedi",
    "status": "Unpaid",
    "date": "2018-03-18T14:22:18Z",
    "tax": "10%",
    "discount": "5%",
    "total": "$126"
  },
  {
    "id": "111",
    "img": "assets/images/user/user1.jpg",
    "pName": "Sarah Smith",
    "admissionID": "HGYU12",
    "dName": "DR. Megha Trivedi",
    "status": "Unpaid",
    "date": "2018-02-23T14:22:18Z",
    "tax": "8%",
    "discount": "5%",
    "total": "$115"
  },
  {
    "id": "112",
    "img": "assets/images/user/user2.jpg",
    "pName": "Vishal Kumar",
    "admissionID": "HGYU34",
    "dName": "DR. John Deo",
    "status": "Paid",
    "date": "2018-04-04T14:22:18Z",
    "tax": "10%",
    "discount": "5%",
    "total": "$115"
  },
  {
    "id": "113",
    "img": "assets/images/user/user3.jpg",
    "pName": "Rahul Malhotra",
    "admissionID": "HGYU76",
    "dName": "DR. Sarah Smith",
    "status": "Paid",
    "date": "2018-02-10T14:22:18Z",
    "tax": "9%",
    "discount": "5%",
    "total": "$126"
  }
]
