[{
    "id": "001",
    "i_name": "Medical Equipment",
    "category": "Equipments",
    "qty": "44",
    "date": "2021-02-25T14:22:18Z",
    "price": "20",
    "details":"Lorem Ipsum is simply dummy text of the printing and typesetting industry."
  },
  {
    "id": "002",
    "i_name": "Dressing Cotton",
    "category": "Cotton Packs",
    "qty": "234",
    "date": "2021-04-15T14:22:18Z",
    "price": "11",
    "details":"Lorem Ipsum is simply dummy text of the printing and typesetting industry."
  },
  {
    "id": "003",
    "i_name": "Syringe",
    "category": "Syringe Packs",
    "qty": "476",
    "date": "2021-03-09T14:22:18Z",
    "price": "3",
    "details":"Lorem Ipsum is simply dummy text of the printing and typesetting industry."
  },
  {
    "id": "004",
    "i_name": "Bed Sheet",
    "category": "Bed Items",
    "qty": "29",
    "date": "2021-02-25T14:22:18Z",
    "price": "45",
    "details":"Lorem Ipsum is simply dummy text of the printing and typesetting industry."
  },
  {
    "id": "005",
    "i_name": "Hand Gloves",
    "category": "Equipments",
    "qty": "163",
    "date": "2021-06-22T14:22:18Z",
    "price": "10",
    "details":"Lorem Ipsum is simply dummy text of the printing and typesetting industry."
  },
  {
    "id": "006",
    "i_name": "Uniform",
    "category": "Staff Items",
    "qty": "14",
    "date": "2021-02-05T14:22:18Z",
    "price": "33",
    "details":"Lorem Ipsum is simply dummy text of the printing and typesetting industry."
  },
  {
    "id": "007",
    "i_name": "scissors",
    "category": "Equipments",
    "qty": "17",
    "date": "2021-03-19T14:22:18Z",
    "price": "29",
    "details":"Lorem Ipsum is simply dummy text of the printing and typesetting industry."
  },
  {
    "id": "008",
    "i_name": "Thermometer",
    "category": "Equipments",
    "qty": "5",
    "date": "2021-02-25T14:22:18Z",
    "price": "6",
    "details":"Lorem Ipsum is simply dummy text of the printing and typesetting industry."
  }
]
